-- phpMyAdmin SQL Dump
-- version 4.5.1
-- http://www.phpmyadmin.net
--
-- Host: 127.0.0.1
-- Czas generowania: 27 Sty 2019, 13:46
-- Wersja serwera: 10.1.16-MariaDB
-- Wersja PHP: 5.5.38

SET SQL_MODE = "NO_AUTO_VALUE_ON_ZERO";
SET time_zone = "+00:00";


/*!40101 SET @OLD_CHARACTER_SET_CLIENT=@@CHARACTER_SET_CLIENT */;
/*!40101 SET @OLD_CHARACTER_SET_RESULTS=@@CHARACTER_SET_RESULTS */;
/*!40101 SET @OLD_COLLATION_CONNECTION=@@COLLATION_CONNECTION */;
/*!40101 SET NAMES utf8mb4 */;

--
-- Baza danych: `ubrania`
--

-- --------------------------------------------------------

--
-- Struktura tabeli dla tabeli `login`
--

CREATE TABLE `login` (
  `id` tinyint(3) UNSIGNED NOT NULL,
  `login` varchar(15) COLLATE utf8_polish_ci NOT NULL,
  `pass` varchar(15) COLLATE utf8_polish_ci NOT NULL
) ENGINE=InnoDB DEFAULT CHARSET=utf8 COLLATE=utf8_polish_ci;

--
-- Zrzut danych tabeli `login`
--

INSERT INTO `login` (`id`, `login`, `pass`) VALUES
(1, 'Adrian', '*23ACFDFA8F0219'),
(3, 'K1', '*A4B61573190387'),
(5, 'K2', '123'),
(6, 'K3', '*1EFFDDCF14ABEC'),
(2, 'qaz', 'qwerty');

-- --------------------------------------------------------

--
-- Struktura tabeli dla tabeli `ludzie`
--

CREATE TABLE `ludzie` (
  `id` bigint(20) UNSIGNED NOT NULL,
  `imie` varchar(15) COLLATE utf8_polish_ci NOT NULL,
  `nazwisko` varchar(15) COLLATE utf8_polish_ci NOT NULL,
  `plec` enum('k','m') COLLATE utf8_polish_ci NOT NULL,
  `roz_pod` varchar(3) COLLATE utf8_polish_ci DEFAULT NULL,
  `roz_ubr` varchar(11) COLLATE utf8_polish_ci DEFAULT NULL,
  `roz_but` tinyint(3) UNSIGNED DEFAULT NULL,
  `roz_ksk` tinyint(3) UNSIGNED NOT NULL,
  `dzial` varchar(15) COLLATE utf8_polish_ci NOT NULL,
  `status` tinyint(1) NOT NULL
) ENGINE=InnoDB DEFAULT CHARSET=utf8 COLLATE=utf8_polish_ci;

--
-- Zrzut danych tabeli `ludzie`
--

INSERT INTO `ludzie` (`id`, `imie`, `nazwisko`, `plec`, `roz_pod`, `roz_ubr`, `roz_but`, `roz_ksk`, `dzial`, `status`) VALUES
(6892006, 'Zenon', 'Doe0', 'm', 'XXL', '190/96/105', 46, 58, 'Proszki', 0),
(6995686, 'Sławomir', 'Doe1', 'm', 'XL', '185/100/115', 43, 58, 'ZSK', 0),
(6995835, 'Roman', 'Doe2', 'm', 'L', '178/90/100', 43, 58, 'ZSK', 0),
(6996646, 'Józef', 'Doe3', 'm', 'XXL', '182/95/100', 43, 58, 'ZSK', 0),
(6996779, 'Mirosław', 'Doe4', 'm', 'XXL', '175/85/100', 43, 58, 'ZSK', 0),
(6996885, 'Grzegorz', 'Doe5', 'm', 'XL', '180/86/92', 44, 58, 'ZSK', 0),
(6997035, 'Katarzyna', 'Doe6', 'k', 'S', '164/80/56', 38, 0, 'ZSK', 0),
(6997054, 'Jarosław', 'Doe7', 'm', 'M', '179/85/90', 41, 58, 'ZSK', 0),
(6997056, 'Adam', 'Doe8', 'm', 'XL', '178/85/90', 43, 58, 'ZSK', 0),
(6997061, 'Bogusława', 'Doe9', 'k', 'L', '160/70/80', 37, 0, 'ZSK', 0),
(6997066, 'Grzegorz', 'Doe10', 'm', 'XXL', '182/102/102', 43, 58, 'ZSK', 0),
(6997084, 'Elżbieta ', 'Doe11', 'k', 'L', '176/100/100', 39, 0, 'ZSB', 0),
(6997086, 'Czesława ', 'Doe12', 'k', 'M', '160/100/100', 39, 0, 'ZSB', 0),
(6997117, 'Andrzej', 'Doe13', 'm', 'XL', '176/95/95', 43, 58, 'ZSB', 0),
(6997135, 'Wiesław', 'Doe14', 'm', 'XL', '176/110/100', 43, 58, 'ZSB', 0),
(6997157, 'Janina ', 'Doe15', 'k', 'M', '168/80/100', 38, 1, 'ZSB', 0),
(6997162, 'Urszula', 'Doe16', 'k', 'M', '165/80/77', 36, 0, 'ZSB', 0),
(6997173, 'Tadeusz', 'Doe17', 'm', 'XXL', '185/125/125', 43, 58, 'ZSB', 0);

-- --------------------------------------------------------

--
-- Struktura tabeli dla tabeli `ludz_zes`
--

CREATE TABLE `ludz_zes` (
  `id` int(10) UNSIGNED NOT NULL,
  `id_ludz` bigint(20) UNSIGNED NOT NULL,
  `id_zest` varchar(4) COLLATE utf8_polish_ci NOT NULL
) ENGINE=InnoDB DEFAULT CHARSET=utf8 COLLATE=utf8_polish_ci;

--
-- Zrzut danych tabeli `ludz_zes`
--

INSERT INTO `ludz_zes` (`id`, `id_ludz`, `id_zest`) VALUES
(26, 6995835, 'P104'),
(33, 6996779, 'P102'),
(40, 7, 'P107'),
(43, 6996885, 'P106'),
(48, 6997035, 'P101'),
(51, 6996978, 'P107'),
(89, 6, 'P107'),
(116, 5, 'P107'),
(122, 6892006, 'P106'),
(128, 6996646, 'P106'),
(138, 6995686, 'P106'),
(165, 6997173, 'P4'),
(169, 6997054, 'P106'),
(177, 6997056, 'P106'),
(185, 6997061, 'P101'),
(188, 6997066, 'P106'),
(205, 6997157, 'P101'),
(215, 6997117, 'P103'),
(235, 6997084, 'P110'),
(241, 6997086, 'P101'),
(255, 6997135, 'P103'),
(272, 6997162, 'P101');

-- --------------------------------------------------------

--
-- Struktura tabeli dla tabeli `ruch`
--

CREATE TABLE `ruch` (
  `numKol` int(10) UNSIGNED NOT NULL,
  `numRuch` int(10) UNSIGNED NOT NULL,
  `id_ludz` bigint(20) UNSIGNED NOT NULL,
  `id_ubr` varchar(4) COLLATE utf8_polish_ci NOT NULL,
  `data_r` date NOT NULL,
  `skan` varchar(100) COLLATE utf8_polish_ci NOT NULL,
  `rozmiar` varchar(11) COLLATE utf8_polish_ci NOT NULL,
  `cecha` varchar(20) COLLATE utf8_polish_ci NOT NULL,
  `ilosc` tinyint(3) UNSIGNED NOT NULL
) ENGINE=InnoDB DEFAULT CHARSET=utf8 COLLATE=utf8_polish_ci;

--
-- Zrzut danych tabeli `ruch`
--

INSERT INTO `ruch` (`numKol`, `numRuch`, `id_ludz`, `id_ubr`, `data_r`, `skan`, `rozmiar`, `cecha`, `ilosc`) VALUES
(877, 1460022690, 6996843, '19', '2016-02-10', '', '185/95/110', 'ŻÓŁTY', 1),
(878, 1460022690, 6996843, '4', '2016-02-10', '', '43', '', 1),
(879, 1460022690, 6996843, '15', '2016-02-10', '', 'XL', 'ŻÓŁTY', 3),
(881, 1460022706, 6891980, '15', '2016-02-10', '', 'XXL', 'ŻÓŁTY', 3),
(882, 1460022706, 6891980, '16', '2016-02-10', '', 'XXL', 'BORDOWY', 1),
(883, 1460022706, 6891980, '19', '2016-02-10', '', '178/110/110', 'ŻÓŁTY', 1),
(884, 1460022706, 6891980, '4', '2016-02-10', '', '43', '', 1),
(885, 1460022715, 6996144, '19', '2016-02-10', '', '176/80/90', 'ŻÓŁTY', 1),
(886, 1460022715, 6996144, '4', '2016-02-10', '', '42', '', 1),
(887, 1460022715, 6996144, '15', '2016-02-10', '', 'L', 'ŻÓŁTY', 3),
(890, 1460022729, 6993425, '19', '2016-02-10', '', '176/85/90', 'ŻÓŁTY', 1),
(891, 1460022729, 6993425, '4', '2016-02-10', '', '42', '', 1),
(892, 1460022729, 6993425, '15', '2016-02-10', '', 'XL', 'ŻÓŁTY', 3),
(893, 1460022734, 6993424, '4', '2016-02-10', '', '42', '', 1),
(894, 1460022734, 6993424, '15', '2016-02-10', '', 'XL', 'ŻÓŁTY', 3),
(895, 1460022734, 6993424, '16', '2016-02-10', '', 'XL', 'BORDOWY', 1),
(896, 1460022734, 6993424, '19', '2016-02-10', '', '188/100/110', 'ŻÓŁTY', 1),
(897, 1460022742, 6995835, '19', '2016-02-10', '', '178/90/100', 'ŻÓŁTY', 1),
(898, 1460022742, 6995835, '4', '2016-02-10', '', '43', '', 1),
(899, 1460022742, 6995835, '15', '2016-02-10', '', 'L', 'ŻÓŁTY', 3),
(901, 1460022742, 6995835, '1', '2016-02-10', '', '43', 'BIAŁY', 1),
(902, 1460022752, 6996876, '19', '2016-02-10', '', '188/103/95', 'ŻÓŁTY', 1),
(903, 1460022752, 6996876, '4', '2016-02-10', '', '48', '', 1),
(904, 1460022752, 6996876, '15', '2016-02-10', '', 'XXL', 'ŻÓŁTY', 3),
(905, 1460022759, 6942218, '15', '2016-02-10', '', 'XL', 'ŻÓŁTY', 3),
(907, 1460022759, 6942218, '19', '2016-02-10', '', '176/90/94', 'ŻÓŁTY', 1),
(908, 1460022759, 6942218, '4', '2016-02-10', '', '45', '', 1),
(909, 1460022767, 6996297, '13', '2016-02-10', '', '', 'ŻÓŁTY', 2),
(911, 1460022767, 6996297, '15', '2016-02-10', '', 'XL', 'ŻÓŁTY', 3),
(912, 1460022767, 6996297, '4', '2016-02-10', '', '40', '', 1),
(913, 1460022777, 6962431, '15', '2016-02-10', '', 'XL', 'ŻÓŁTY', 3),
(914, 1460022777, 6962431, '16', '2016-02-10', '', 'XL', 'BORDOWY', 1),
(915, 1460022777, 6962431, '12', '2016-02-10', '', '0', 'ŻÓŁTY', 1),
(916, 1460022777, 6962431, '19', '2016-02-10', '', '176/86/95', 'ŻÓŁTY', 1),
(917, 1460022777, 6962431, '4', '2016-02-10', '', '43', '', 1),
(918, 1460022790, 6995808, '4', '2016-02-10', '', '42', '', 1),
(919, 1460022790, 6995808, '15', '2016-02-10', '', 'L', 'ŻÓŁTY', 3),
(921, 1460022790, 6995808, '19', '2016-02-10', '', '178/88/90', 'ŻÓŁTY', 1),
(922, 1460022885, 6996779, '15', '2016-02-10', '', 'XXL', 'GRANATOWY', 1),
(923, 1460022885, 6996779, '19', '2016-02-10', '', '&Acirc;&nbs', 'ŻÓŁTY', 1),
(924, 1460022885, 6996779, '4', '2016-02-10', '', '43', '', 1),
(925, 1460022885, 6996779, '15', '2016-02-10', '', 'XXL', 'ŻÓŁTY', 3),
(926, 1460022885, 6996779, '19', '2016-02-10', '', '&Acirc;&nbs', 'GRANATOWY', 1),
(927, 1460023036, 6995656, '19', '2016-02-10', '', '180/100/94', 'ŻÓŁTY', 1),
(928, 1460023036, 6995656, '4', '2016-02-10', '', '43', '', 1),
(929, 1460023036, 6995656, '15', '2016-02-10', '', 'XL', 'ŻÓŁTY', 3),
(930, 1460023151, 6995855, '15', '2016-02-10', '', 'M', 'ŻÓŁTY', 3),
(931, 1460023151, 6995855, '19', '2016-02-10', '', '170/75/90', 'ŻÓŁTY', 1),
(932, 1460023151, 6995855, '4', '2016-02-10', '', '42', '', 1),
(933, 1460023195, 6996367, '1', '2016-02-10', '', '44', 'BIAŁY', 1),
(934, 1460023195, 6996367, '19', '2016-02-10', '', '182/86/90', 'ŻÓŁTY', 1),
(935, 1460023195, 6996367, '4', '2016-02-10', '', '44', '', 1),
(936, 1460023195, 6996367, '15', '2016-02-10', '', 'XL', 'ŻÓŁTY', 3),
(937, 1460023265, 6771110, '13', '2016-02-10', '', '', 'BIAŁY', 2),
(938, 1460023265, 6771110, '16', '2016-02-10', '', 'XL', 'BORDOWY', 1),
(939, 1460023265, 6771110, '6', '2016-02-10', '', '38', 'BIAŁY', 1),
(940, 1460023265, 6771110, '15', '2016-02-10', '', 'XL', 'BIAŁY', 3),
(941, 1460023265, 6771110, '4', '2016-02-10', '', '38', '', 1),
(942, 1460023318, 6952316, '4', '2016-02-10', '', '42', '', 1),
(943, 1460023318, 6952316, '15', '2016-02-10', '', 'XL', 'ŻÓŁTY', 3),
(944, 1460023318, 6952316, '16', '2016-02-10', '', 'XL', 'BORDOWY', 1),
(945, 1460023318, 6952316, '19', '2016-02-10', '', '176/86/100', 'ŻÓŁTY', 1),
(946, 1460023388, 6996759, '19', '2016-02-10', '', '&Acirc;&nbs', 'ŻÓŁTY', 1),
(947, 1460023388, 6996759, '4', '2016-02-10', '', '46', '', 1),
(948, 1460023388, 6996759, '15', '2016-02-10', '', 'XXL', 'ŻÓŁTY', 3),
(949, 1460023644, 6993462, '15', '2016-02-10', '', 'XL', 'ŻÓŁTY', 3),
(950, 1460023644, 6993462, '16', '2016-02-10', '', 'XL', 'BORDOWY', 1),
(951, 1460023644, 6993462, '1', '2016-02-10', '', '42', 'BIAŁY', 1),
(952, 1460023644, 6993462, '19', '2016-02-10', '', '176/100/100', 'ŻÓŁTY', 1),
(953, 1460023644, 6993462, '4', '2016-02-10', '', '42', '', 1),
(954, 1460023655, 6941594, '19', '2016-02-10', '', '176/90/90', 'ŻÓŁTY', 1),
(955, 1460023655, 6941594, '4', '2016-02-10', '', '43', '', 1),
(956, 1460023655, 6941594, '15', '2016-02-10', '', 'L', 'ŻÓŁTY', 3),
(957, 1460023655, 6941594, '16', '2016-02-10', '', 'L', 'BORDOWY', 1),
(958, 1460023715, 6996885, '19', '2016-02-10', '', '180/86/92', 'ŻÓŁTY', 1),
(959, 1460023715, 6996885, '4', '2016-02-10', '', '44', '', 1),
(960, 1460023715, 6996885, '15', '2016-02-10', '', 'XL', 'ŻÓŁTY', 3),
(961, 1460023715, 6996885, '16', '2016-02-10', '', 'XL', 'BORDOWY', 1),
(962, 1460023741, 6962451, '2', '2016-02-10', '', '40', 'CZARNY', 1),
(963, 1460023741, 6962451, '15', '2016-02-10', '', 'M', 'BIAŁY', 3),
(964, 1460023741, 6962451, '4', '2016-02-10', '', '40', '', 1),
(965, 1460023741, 6962451, '13', '2016-02-10', '', '', 'BIAŁY', 2),
(970, 1460023773, 6821521, '15', '2016-02-10', '', 'XL', 'ŻÓŁTY', 3),
(971, 1460023773, 6821521, '16', '2016-02-10', '', 'XL', 'BORDOWY', 1),
(972, 1460023773, 6821521, '19', '2016-02-10', '', '170/85/93', 'ŻÓŁTY', 1),
(973, 1460023773, 6821521, '4', '2016-02-10', '', '41', '', 1),
(974, 1460023805, 6996941, '4', '2016-02-10', '', '43', '', 1),
(975, 1460023805, 6996941, '15', '2016-02-10', '', 'XL', 'ŻÓŁTY', 3),
(976, 1460023805, 6996941, '19', '2016-02-10', '', '187/95/100', 'ŻÓŁTY', 1),
(977, 1460023824, 6997035, '15', '2016-02-10', '', 'S', 'ŻÓŁTY', 3),
(978, 1460023824, 6997035, '4', '2016-02-10', '', '38', '', 1),
(979, 1460023824, 6997035, '13', '2016-02-10', '', '', 'ŻÓŁTY', 2),
(980, 1460023868, 6996640, '19', '2016-02-10', '', '180/90/100', 'ŻÓŁTY', 1),
(981, 1460023868, 6996640, '4', '2016-02-10', '', '44', '', 1),
(982, 1460023868, 6996640, '15', '2016-02-10', '', 'XL', 'ŻÓŁTY', 3),
(983, 1460023889, 6996813, '15', '2016-02-10', '', 'L', 'GRANATOWY', 1),
(984, 1460023889, 6996813, '19', '2016-02-10', '', '175/80/95', 'ŻÓŁTY', 1),
(985, 1460023889, 6996813, '4', '2016-02-10', '', '43', '', 1),
(986, 1460023889, 6996813, '15', '2016-02-10', '', 'L', 'ŻÓŁTY', 3),
(987, 1460023889, 6996813, '19', '2016-02-10', '', '175/80/95', 'GRANATOWY', 1),
(988, 1460023900, 6861700, '15', '2016-02-10', '', 'L', 'BIAŁY', 3),
(989, 1460023900, 6861700, '4', '2016-02-10', '', '38', '', 1),
(990, 1460023900, 6861700, '13', '2016-02-10', '', '', 'BIAŁY', 2),
(991, 1460023900, 6861700, '16', '2016-02-10', '', 'L', 'BORDOWY', 1),
(992, 1460023900, 6861700, '6', '2016-02-10', '', '38', 'BIAŁY', 1),
(993, 1460023934, 6993486, '13', '2016-02-10', '', '', 'BIAŁY', 2),
(994, 1460023934, 6993486, '2', '2016-02-10', '', '42', 'CZARNY', 1),
(995, 1460023934, 6993486, '15', '2016-02-10', '', 'M', 'BIAŁY', 3),
(996, 1460023934, 6993486, '4', '2016-02-10', '', '42', '', 1),
(997, 1460023956, 6995716, '15', '2016-02-10', '', 'XL', 'ŻÓŁTY', 3),
(998, 1460023956, 6995716, '16', '2016-02-10', '', 'XL', 'BORDOWY', 1),
(999, 1460023956, 6995716, '1', '2016-02-10', '', '42', 'BIAŁY', 1),
(1000, 1460023956, 6995716, '19', '2016-02-10', '', '175/90/100', 'ŻÓŁTY', 1),
(1001, 1460023956, 6995716, '4', '2016-02-10', '', '42', '', 1),
(1002, 1460023961, 6995882, '19', '2016-02-10', '', '165/75/90', 'ŻÓŁTY', 1),
(1003, 1460023961, 6995882, '4', '2016-02-10', '', '40', '', 1),
(1004, 1460023961, 6995882, '15', '2016-02-10', '', 'S', 'ŻÓŁTY', 3),
(1005, 1460023961, 6995882, '16', '2016-02-10', '', 'S', 'BORDOWY', 1),
(1006, 1460023970, 6871747, '16', '2016-02-10', '', 'M', 'BORDOWY', 1),
(1007, 1460023970, 6871747, '15', '2016-02-10', '', 'M', 'ŻÓŁTY', 3),
(1008, 1460023970, 6871747, '4', '2016-02-10', '', '39', '', 1),
(1009, 1460023970, 6871747, '13', '2016-02-10', '', '', 'ŻÓŁTY', 2),
(1010, 1460023981, 6942258, '19', '2016-02-10', '', '170/85/100', 'GRANATOWY', 1),
(1011, 1460023981, 6942258, '16', '2016-02-10', '', 'XL', 'BORDOWY', 1),
(1012, 1460023981, 6942258, '15', '2016-02-10', '', 'XL', 'GRANATOWY', 1),
(1013, 1460023981, 6942258, '19', '2016-02-10', '', '170/85/100', 'ŻÓŁTY', 1),
(1014, 1460023981, 6942258, '4', '2016-02-10', '', '41', '', 1),
(1015, 1460023981, 6942258, '15', '2016-02-10', '', 'XL', 'ŻÓŁTY', 3),
(1016, 1460024000, 6962398, '15', '2016-02-10', '', 'XXL', 'ŻÓŁTY', 3),
(1017, 1460024000, 6962398, '16', '2016-02-10', '', 'XXL', 'BORDOWY', 1),
(1018, 1460024000, 6962398, '12', '2016-02-10', '', '0', 'ŻÓŁTY', 1),
(1019, 1460024000, 6962398, '19', '2016-02-10', '', '176/110/110', 'ŻÓŁTY', 1),
(1020, 1460024000, 6962398, '4', '2016-02-10', '', '43', '', 1),
(1021, 1460024022, 6996730, '4', '2016-02-10', '', '44', '', 1),
(1022, 1460024022, 6996730, '15', '2016-02-10', '', 'XL', 'ŻÓŁTY', 3),
(1023, 1460024022, 6996730, '19', '2016-02-10', '', '180/75/100', 'GRANATOWY', 1),
(1024, 1460024022, 6996730, '15', '2016-02-10', '', 'XL', 'GRANATOWY', 1),
(1025, 1460024022, 6996730, '19', '2016-02-10', '', '180/75/100', 'ŻÓŁTY', 1),
(1026, 1460024034, 6771161, '15', '2016-02-10', '', 'M', 'ŻÓŁTY', 3),
(1027, 1460024034, 6771161, '4', '2016-02-10', '', '40', '', 1),
(1028, 1460024034, 6771161, '13', '2016-02-10', '', '', 'ŻÓŁTY', 2),
(1029, 1460024034, 6771161, '16', '2016-02-10', '', 'M', 'BORDOWY', 1),
(1030, 1460024046, 6922090, '4', '2016-02-10', '', '45', '', 1),
(1031, 1460024046, 6922090, '15', '2016-02-10', '', 'XXL', 'ŻÓŁTY', 3),
(1032, 1460024046, 6922090, '16', '2016-02-10', '', 'XXL', 'BORDOWY', 1),
(1033, 1460024046, 6922090, '19', '2016-02-10', '', '188/100/100', 'ŻÓŁTY', 1),
(1038, 1460024093, 6996052, '13', '2016-02-10', '', '', 'ŻÓŁTY', 1),
(1039, 1460024093, 6996052, '13', '2016-02-10', '', '', 'BIAŁY', 2),
(1040, 1460024093, 6996052, '15', '2016-02-10', '', 'L', 'ŻÓŁTY', 3),
(1041, 1460024093, 6996052, '4', '2016-02-10', '', '37', '', 1),
(1042, 1460024093, 6996052, '15', '2016-02-10', '', 'L', 'BIAŁY', 2),
(1044, 1460024118, 6996093, '19', '2016-02-10', '', '&Acirc;&nbs', 'ŻÓŁTY', 1),
(1045, 1460024118, 6996093, '4', '2016-02-10', '', '42', '', 1),
(1046, 1460024118, 6996093, '15', '2016-02-10', '', 'XL', 'ŻÓŁTY', 3),
(1047, 1460024132, 6841611, '16', '2016-02-10', '', 'XL', 'BORDOWY', 1),
(1048, 1460024132, 6841611, '19', '2016-02-10', '', '176/95/100', 'ŻÓŁTY', 1),
(1049, 1460024132, 6841611, '4', '2016-02-10', '', '44', '', 1),
(1050, 1460024132, 6841611, '15', '2016-02-10', '', 'XL', 'ŻÓŁTY', 3),
(1051, 1460024146, 6892009, '4', '2016-02-10', '', '38', '', 1),
(1052, 1460024146, 6892009, '13', '2016-02-10', '', '', 'ŻÓŁTY', 2),
(1054, 1460024146, 6892009, '15', '2016-02-10', '', 'XL', 'ŻÓŁTY', 3),
(1055, 1460024159, 6942251, '16', '2016-02-10', '', 'XL', 'BORDOWY', 1),
(1056, 1460024159, 6942251, '19', '2016-02-10', '', '182/78/85', 'ŻÓŁTY', 1),
(1057, 1460024159, 6942251, '4', '2016-02-10', '', '42', '', 1),
(1058, 1460024159, 6942251, '15', '2016-02-10', '', 'XL', 'ŻÓŁTY', 3),
(1059, 1460024185, 6942273, '19', '2016-02-10', '', '176/85/100', 'ŻÓŁTY', 1),
(1060, 1460024185, 6942273, '4', '2016-02-10', '', '43', '', 1),
(1061, 1460024185, 6942273, '15', '2016-02-10', '', 'XL', 'ŻÓŁTY', 3),
(1062, 1460024185, 6942273, '16', '2016-02-10', '', 'XL', 'BORDOWY', 1),
(1063, 1460024185, 6942273, '1', '2016-02-10', '', '43', 'BIAŁY', 1),
(1064, 1460024197, 6996980, '15', '2016-02-10', '', 'M', 'ŻÓŁTY', 3),
(1065, 1460024197, 6996980, '4', '2016-02-10', '', '39', '', 1),
(1066, 1460024197, 6996980, '13', '2016-02-10', '', '', 'ŻÓŁTY', 2),
(1067, 1460024248, 6972487, '4', '2016-02-10', '', '44', '', 1),
(1068, 1460024248, 6972487, '13', '2016-02-10', '', '', 'BIAŁY', 2),
(1069, 1460024248, 6972487, '16', '2016-02-10', '', 'XL', 'BORDOWY', 1),
(1070, 1460024248, 6972487, '2', '2016-02-10', '', '44', 'CZARNY', 1),
(1071, 1460024248, 6972487, '15', '2016-02-10', '', 'XL', 'BIAŁY', 3),
(1072, 1460024259, 6952436, '19', '2016-02-10', '', '190/110/100', 'ŻÓŁTY', 1),
(1073, 1460024259, 6952436, '4', '2016-02-10', '', '43', '', 1),
(1074, 1460024259, 6952436, '15', '2016-02-10', '', 'XL', 'ŻÓŁTY', 3),
(1075, 1460024259, 6952436, '16', '2016-02-10', '', 'XL', 'BORDOWY', 1),
(1076, 1460024268, 6995683, '12', '2016-02-10', '', '0', 'ŻÓŁTY', 1),
(1077, 1460024268, 6995683, '19', '2016-02-10', '', '182/90/100', 'ŻÓŁTY', 1),
(1078, 1460024268, 6995683, '4', '2016-02-10', '', '43', '', 1),
(1079, 1460024268, 6995683, '15', '2016-02-10', '', 'L', 'ŻÓŁTY', 3),
(1080, 1460024268, 6995683, '16', '2016-02-10', '', 'L', 'BORDOWY', 1),
(1081, 1460024281, 6996321, '15', '2016-02-10', '', 'XL', 'ŻÓŁTY', 3),
(1083, 1460024281, 6996321, '19', '2016-02-10', '', '183/90/100', 'ŻÓŁTY', 1),
(1084, 1460024281, 6996321, '4', '2016-02-10', '', '45', '', 1),
(1085, 1460024296, 6995727, '4', '2016-02-10', '', '44', '', 1),
(1086, 1460024296, 6995727, '15', '2016-02-10', '', 'XL', 'ŻÓŁTY', 3),
(1087, 1460024296, 6995727, '19', '2016-02-10', '', '180/82/90', 'ŻÓŁTY', 1),
(1088, 1460024310, 6996777, '4', '2016-02-10', '', '44', '', 1),
(1089, 1460024310, 6996777, '15', '2016-02-10', '', 'XXL', 'ŻÓŁTY', 3),
(1090, 1460024310, 6996777, '1', '2016-02-10', '', '44', 'BIAŁY', 1),
(1091, 1460024310, 6996777, '19', '2016-02-10', '', '&Acirc;&nbs', 'ŻÓŁTY', 1),
(1092, 1460024323, 6996801, '15', '2016-02-10', '', 'L', 'ŻÓŁTY', 3),
(1093, 1460024323, 6996801, '19', '2016-02-10', '', '&Acirc;&nbs', 'ŻÓŁTY', 1),
(1094, 1460024323, 6996801, '4', '2016-02-10', '', '42', '', 1),
(1095, 1460024361, 6952413, '4', '2016-02-10', '', '43', '', 1),
(1096, 1460024361, 6952413, '15', '2016-02-10', '', 'XL', 'ŻÓŁTY', 3),
(1097, 1460024361, 6952413, '19', '2016-02-10', '', '180/86/85', 'ŻÓŁTY', 1),
(1098, 1460024375, 6942226, '15', '2016-02-10', '', 'XL', 'BIAŁY', 3),
(1099, 1460024375, 6942226, '4', '2016-02-10', '', '42', '', 1),
(1100, 1460024375, 6942226, '13', '2016-02-10', '', '', 'BIAŁY', 2),
(1101, 1460024375, 6942226, '2', '2016-02-10', '', '42', 'CZARNY', 1),
(1102, 1460024588, 6791291, '6', '2016-02-10', '', '39', 'BIAŁY', 1),
(1103, 1460024588, 6791291, '15', '2016-02-10', '', 'XL', 'BIAŁY', 3),
(1104, 1460024588, 6791291, '4', '2016-02-10', '', '39', '', 1),
(1105, 1460024588, 6791291, '13', '2016-02-10', '', '', 'BIAŁY', 2),
(1106, 1460024588, 6791291, '16', '2016-02-10', '', 'XL', 'BORDOWY', 1),
(1118, 1460025078, 6942309, '19', '2016-02-10', '', '182/95/110', 'ŻÓŁTY', 1),
(1119, 1460025078, 6942309, '4', '2016-02-10', '', '43', '', 1),
(1120, 1460025078, 6942309, '15', '2016-02-10', '', 'XL', 'ŻÓŁTY', 3),
(1121, 1460025078, 6942309, '16', '2016-02-10', '', 'XL', 'BORDOWY', 1),
(1122, 1460025087, 6995452, '4', '2016-02-10', '', '44', '', 1),
(1123, 1460025087, 6995452, '15', '2016-02-10', '', 'XL', 'ŻÓŁTY', 3),
(1124, 1460025087, 6995452, '16', '2016-02-10', '', 'XL', 'BORDOWY', 1),
(1125, 1460025087, 6995452, '19', '2016-02-10', '', '180/90/100', 'ŻÓŁTY', 1),
(1126, 1460025096, 6995807, '15', '2016-02-10', '', 'L', 'ŻÓŁTY', 3),
(1127, 1460025096, 6995807, '16', '2016-02-10', '', 'L', 'BORDOWY', 1),
(1128, 1460025096, 6995807, '1', '2016-02-10', '', '43', 'BIAŁY', 1),
(1129, 1460025096, 6995807, '19', '2016-02-10', '', '176/90/90', 'ŻÓŁTY', 1),
(1130, 1460025096, 6995807, '4', '2016-02-10', '', '43', '', 1),
(1131, 1460025115, 6995479, '16', '2016-02-10', '', 'XXL', 'BORDOWY', 1),
(1132, 1460025115, 6995479, '19', '2016-02-10', '', '190/115/110', 'ŻÓŁTY', 1),
(1133, 1460025115, 6995479, '4', '2016-02-10', '', '46', '', 1),
(1134, 1460025115, 6995479, '15', '2016-02-10', '', 'XXL', 'ŻÓŁTY', 3),
(1135, 1460025134, 6997031, '4', '2016-02-10', '', '44', '', 1),
(1136, 1460025134, 6997031, '15', '2016-02-10', '', 'XL', 'ŻÓŁTY', 3),
(1137, 1460025134, 6997031, '1', '2016-02-10', '', '44', 'BIAŁY', 1),
(1138, 1460025134, 6997031, '19', '2016-02-10', '', '180/90/105', 'ŻÓŁTY', 1),
(1139, 1460025145, 6781204, '19', '2016-02-10', '', '180/100/100', 'ŻÓŁTY', 1),
(1140, 1460025145, 6781204, '4', '2016-02-10', '', '42', '', 1),
(1141, 1460025145, 6781204, '15', '2016-02-10', '', 'XL', 'ŻÓŁTY', 3),
(1142, 1460025145, 6781204, '16', '2016-02-10', '', 'XL', 'BORDOWY', 1),
(1143, 1460025162, 6996134, '19', '2016-02-10', '', '172/86/100', 'ŻÓŁTY', 1),
(1144, 1460025162, 6996134, '4', '2016-02-10', '', '42', '', 1),
(1145, 1460025162, 6996134, '15', '2016-02-10', '', 'XL', 'ŻÓŁTY', 3),
(1146, 1460025162, 6996134, '16', '2016-02-10', '', 'XL', 'BORDOWY', 1),
(1147, 1460025170, 6996821, '16', '2016-02-10', '', 'XL', 'BORDOWY', 1),
(1148, 1460025170, 6996821, '19', '2016-02-10', '', '174/105/100', 'ŻÓŁTY', 1),
(1149, 1460025170, 6996821, '4', '2016-02-10', '', '43', '', 1),
(1150, 1460025170, 6996821, '15', '2016-02-10', '', 'XL', 'ŻÓŁTY', 3),
(1151, 1460025177, 6962433, '19', '2016-02-10', '', '178/96/106', 'ŻÓŁTY', 1),
(1152, 1460025177, 6962433, '4', '2016-02-10', '', '42', '', 1),
(1153, 1460025177, 6962433, '15', '2016-02-10', '', 'XL', 'ŻÓŁTY', 3),
(1154, 1460025177, 6962433, '16', '2016-02-10', '', 'XL', 'BORDOWY', 1),
(1155, 1460025186, 6995684, '4', '2016-02-10', '', '43', '', 1),
(1156, 1460025186, 6995684, '15', '2016-02-10', '', 'XL', 'ŻÓŁTY', 3),
(1157, 1460025186, 6995684, '16', '2016-02-10', '', 'XL', 'BORDOWY', 1),
(1158, 1460025186, 6995684, '19', '2016-02-10', '', '175/95/100', 'ŻÓŁTY', 1),
(1159, 1460025224, 6952348, '19', '2016-02-10', '', '168/70/80', 'ŻÓŁTY', 1),
(1160, 1460025224, 6952348, '4', '2016-02-10', '', '37', '', 1),
(1161, 1460025224, 6952348, '15', '2016-02-10', '', 'L', 'ŻÓŁTY', 3),
(1162, 1460025266, 6996992, '19', '2016-02-10', '', '184/115/115', 'ŻÓŁTY', 1),
(1163, 1460025266, 6996992, '4', '2016-02-10', '', '43', '', 1),
(1164, 1460025266, 6996992, '15', '2016-02-10', '', 'XL', 'ŻÓŁTY', 3),
(1165, 1460025279, 6982602, '15', '2016-02-10', '', 'XL', 'ŻÓŁTY', 3),
(1166, 1460025279, 6982602, '19', '2016-02-10', '', '183/90/94', 'ŻÓŁTY', 1),
(1167, 1460025279, 6982602, '4', '2016-02-10', '', '43', '', 1),
(1168, 1460025310, 6996264, '15', '2016-02-10', '', 'XL', 'ŻÓŁTY', 3),
(1169, 1460025310, 6996264, '19', '2016-02-10', '', '170/90', 'ŻÓŁTY', 1),
(1170, 1460025310, 6996264, '4', '2016-02-10', '', '44', '', 1),
(1171, 1460025327, 6831589, '16', '2016-02-10', '', 'M', 'BORDOWY', 1),
(1172, 1460025327, 6831589, '15', '2016-02-10', '', 'M', 'ŻÓŁTY', 3),
(1173, 1460025327, 6831589, '4', '2016-02-10', '', '39', '', 1),
(1174, 1460025327, 6831589, '13', '2016-02-10', '', '', 'ŻÓŁTY', 2),
(1175, 1460025336, 6972554, '19', '2016-02-10', '', '182/88/100', 'ŻÓŁTY', 1),
(1176, 1460025336, 6972554, '4', '2016-02-10', '', '45', '', 1),
(1177, 1460025336, 6972554, '15', '2016-02-10', '', 'L', 'ŻÓŁTY', 3),
(1178, 1460025336, 6972554, '16', '2016-02-10', '', 'L', 'BORDOWY', 1),
(1179, 1460025353, 6996698, '1', '2016-02-10', '', '43', 'BIAŁY', 1),
(1180, 1460025353, 6996698, '19', '2016-02-10', '', '176/85/100', 'ŻÓŁTY', 1),
(1181, 1460025353, 6996698, '4', '2016-02-10', '', '43', '', 1),
(1182, 1460025353, 6996698, '15', '2016-02-10', '', 'XL', 'ŻÓŁTY', 3),
(1183, 1460025365, 6891967, '19', '2016-02-10', '', '176/84/100', 'GRANATOWY', 1),
(1184, 1460025365, 6891967, '16', '2016-02-10', '', 'XL', 'BORDOWY', 1),
(1185, 1460025365, 6891967, '15', '2016-02-10', '', 'XL', 'GRANATOWY', 1),
(1186, 1460025365, 6891967, '19', '2016-02-10', '', '176/84/100', 'ŻÓŁTY', 1),
(1187, 1460025365, 6891967, '4', '2016-02-10', '', '42', '', 1),
(1188, 1460025365, 6891967, '15', '2016-02-10', '', 'XL', 'ŻÓŁTY', 3),
(1189, 1460025378, 6996336, '15', '2016-02-10', '', 'S', 'ŻÓŁTY', 3),
(1190, 1460025378, 6996336, '4', '2016-02-10', '', '38', '', 1),
(1191, 1460025378, 6996336, '13', '2016-02-10', '', '', 'ŻÓŁTY', 2),
(1192, 1460025399, 6942223, '16', '2016-02-10', '', 'XL', 'BORDOWY', 1),
(1193, 1460025399, 6942223, '15', '2016-02-10', '', 'XL', 'GRANATOWY', 1),
(1194, 1460025399, 6942223, '19', '2016-02-10', '', '175/110/100', 'ŻÓŁTY', 1),
(1195, 1460025399, 6942223, '4', '2016-02-10', '', '42', '', 1),
(1196, 1460025399, 6942223, '15', '2016-02-10', '', 'XL', 'ŻÓŁTY', 3),
(1197, 1460025399, 6942223, '19', '2016-02-10', '', '175/110/100', 'GRANATOWY', 1),
(1198, 1460025419, 6880404, '6', '2016-02-10', '', '39', 'BIAŁY', 1),
(1199, 1460025419, 6880404, '15', '2016-02-10', '', 'M', 'BIAŁY', 3),
(1200, 1460025419, 6880404, '4', '2016-02-10', '', '39', '', 1),
(1201, 1460025419, 6880404, '13', '2016-02-10', '', '', 'BIAŁY', 2),
(1202, 1460025432, 6962426, '15', '2016-02-10', '', 'L', 'BIAŁY', 3),
(1203, 1460025432, 6962426, '4', '2016-02-10', '', '38', '', 1),
(1204, 1460025432, 6962426, '13', '2016-02-10', '', '', 'BIAŁY', 2),
(1205, 1460025432, 6962426, '16', '2016-02-10', '', 'L', 'BORDOWY', 1),
(1206, 1460025432, 6962426, '6', '2016-02-10', '', '38', 'BIAŁY', 1),
(1207, 1460025443, 6995853, '19', '2016-02-10', '', '175/98/110', 'ŻÓŁTY', 1),
(1208, 1460025443, 6995853, '4', '2016-02-10', '', '42', '', 1),
(1209, 1460025443, 6995853, '15', '2016-02-10', '', 'L', 'ŻÓŁTY', 3),
(1210, 1460025466, 6996780, '1', '2016-02-10', '', '41', 'BIAŁY', 1),
(1211, 1460025466, 6996780, '19', '2016-02-10', '', '&Acirc;&nbs', 'ŻÓŁTY', 1),
(1212, 1460025466, 6996780, '4', '2016-02-10', '', '41', '', 1),
(1213, 1460025466, 6996780, '15', '2016-02-10', '', 'XL', 'ŻÓŁTY', 3),
(1214, 1460025474, 6962468, '4', '2016-02-10', '', '43', '', 1),
(1215, 1460025474, 6962468, '15', '2016-02-10', '', 'XL', 'ŻÓŁTY', 3),
(1216, 1460025474, 6962468, '16', '2016-02-10', '', 'XL', 'BORDOWY', 1),
(1217, 1460025474, 6962468, '1', '2016-02-10', '', '43', 'BIAŁY', 1),
(1218, 1460025474, 6962468, '19', '2016-02-10', '', '180/84/100', 'ŻÓŁTY', 1),
(1219, 1460025488, 6891965, '15', '2016-02-10', '', 'XL', 'ŻÓŁTY', 3),
(1220, 1460025488, 6891965, '4', '2016-02-10', '', '40', '', 1),
(1221, 1460025488, 6891965, '13', '2016-02-10', '', '', 'ŻÓŁTY', 2),
(1222, 1460025508, 6996044, '19', '2016-02-10', '', '180/86/100', 'ŻÓŁTY', 1),
(1223, 1460025508, 6996044, '4', '2016-02-10', '', '43', '', 1),
(1224, 1460025508, 6996044, '15', '2016-02-10', '', 'XL', 'ŻÓŁTY', 3),
(1225, 1460025518, 6996094, '15', '2016-02-10', '', 'XL', 'ŻÓŁTY', 3),
(1226, 1460025518, 6996094, '16', '2016-02-10', '', 'XL', 'BORDOWY', 1),
(1227, 1460025518, 6996094, '19', '2016-02-10', '', '185/90/90', 'ŻÓŁTY', 1),
(1228, 1460025518, 6996094, '4', '2016-02-10', '', '46', '', 1),
(1229, 1460025532, 6997033, '19', '2016-02-10', '', '182/102/102', 'ŻÓŁTY', 1),
(1230, 1460025532, 6997033, '4', '2016-02-10', '', '43', '', 1),
(1231, 1460025532, 6997033, '15', '2016-02-10', '', 'XXL', 'ŻÓŁTY', 3),
(1232, 1460025563, 6992644, '2', '2016-02-10', '', '44', 'CZARNY', 1),
(1233, 1460025563, 6992644, '15', '2016-02-10', '', 'XXL', 'BIAŁY', 3),
(1234, 1460025563, 6992644, '4', '2016-02-10', '', '44', '', 1),
(1235, 1460025563, 6992644, '13', '2016-02-10', '', '', 'BIAŁY', 2),
(1236, 1460025576, 6821541, '15', '2016-02-10', '', 'XL', 'GRANATOWY', 1),
(1237, 1460025576, 6821541, '19', '2016-02-10', '', '180/100/110', 'ŻÓŁTY', 1),
(1238, 1460025576, 6821541, '4', '2016-02-10', '', '43', '', 1),
(1239, 1460025576, 6821541, '15', '2016-02-10', '', 'XL', 'ŻÓŁTY', 3),
(1240, 1460025576, 6821541, '19', '2016-02-10', '', '180/100/110', 'GRANATOWY', 1),
(1241, 1460025590, 6781187, '13', '2016-02-10', '', '', 'BIAŁY', 2),
(1242, 1460025590, 6781187, '16', '2016-02-10', '', 'L', 'BORDOWY', 1),
(1243, 1460025590, 6781187, '6', '2016-02-10', '', '40', 'BIAŁY', 1),
(1244, 1460025590, 6781187, '15', '2016-02-10', '', 'L', 'BIAŁY', 3),
(1245, 1460025590, 6781187, '4', '2016-02-10', '', '40', '', 1),
(1246, 1460025623, 6801373, '19', '2016-02-10', '', '176/100/85', 'ŻÓŁTY', 1),
(1247, 1460025623, 6801373, '4', '2016-02-10', '', '42', '', 1),
(1248, 1460025623, 6801373, '15', '2016-02-10', '', 'XL', 'ŻÓŁTY', 3),
(1249, 1460025623, 6801373, '19', '2016-02-10', '', '176/100/85', 'GRANATOWY', 1),
(1250, 1460025623, 6801373, '16', '2016-02-10', '', 'XL', 'BORDOWY', 1),
(1251, 1460025623, 6801373, '15', '2016-02-10', '', 'XL', 'GRANATOWY', 1),
(1252, 1460025675, 6996253, '12', '2016-02-10', '', '0', 'ŻÓŁTY', 1),
(1253, 1460025675, 6996253, '19', '2016-02-10', '', '185/80/80', 'ŻÓŁTY', 1),
(1254, 1460025675, 6996253, '4', '2016-02-10', '', '45', '', 1),
(1255, 1460025675, 6996253, '15', '2016-02-10', '', 'XL', 'ŻÓŁTY', 3),
(1256, 1460025683, 6995714, '16', '2016-02-10', '', 'XL', 'BORDOWY', 1),
(1257, 1460025683, 6995714, '1', '2016-02-10', '', '43', 'BIAŁY', 1),
(1258, 1460025683, 6995714, '19', '2016-02-10', '', '178/80/105', 'ŻÓŁTY', 1),
(1259, 1460025683, 6995714, '4', '2016-02-10', '', '43', '', 1),
(1260, 1460025683, 6995714, '15', '2016-02-10', '', 'XL', 'ŻÓŁTY', 3),
(1261, 1460025691, 6996853, '19', '2016-02-10', '', '188/100/110', 'ŻÓŁTY', 1),
(1262, 1460025691, 6996853, '4', '2016-02-10', '', '44', '', 1),
(1263, 1460025691, 6996853, '15', '2016-02-10', '', 'XL', 'ŻÓŁTY', 3),
(1264, 1460025704, 4, '2', '2016-02-10', '', '43', 'CZARNY', 1),
(1265, 1460025704, 4, '15', '2016-02-10', '', 'L', 'BIAŁY', 3),
(1266, 1460025704, 4, '4', '2016-02-10', '', '43', '', 1),
(1267, 1460025704, 4, '13', '2016-02-10', '', '', 'BIAŁY', 2),
(1268, 1460025704, 4, '16', '2016-02-10', '', 'L', 'BORDOWY', 1),
(1269, 1460025719, 6995732, '16', '2016-02-10', '', 'XL', 'BORDOWY', 1),
(1270, 1460025719, 6995732, '15', '2016-02-10', '', 'XL', 'GRANATOWY', 1),
(1271, 1460025719, 6995732, '19', '2016-02-10', '', '183/85/95', 'ŻÓŁTY', 1),
(1272, 1460025719, 6995732, '4', '2016-02-10', '', '43', '', 1),
(1273, 1460025719, 6995732, '15', '2016-02-10', '', 'XL', 'ŻÓŁTY', 3),
(1274, 1460025719, 6995732, '19', '2016-02-10', '', '183/85/95', 'GRANATOWY', 1),
(1275, 1460025730, 6771167, '19', '2016-02-10', '', '170/95/100', 'ŻÓŁTY', 1),
(1276, 1460025730, 6771167, '4', '2016-02-10', '', '40', '', 1),
(1277, 1460025730, 6771167, '15', '2016-02-10', '', 'XL', 'ŻÓŁTY', 3),
(1278, 1460025730, 6771167, '16', '2016-02-10', '', 'XL', 'BORDOWY', 1),
(1279, 1460025739, 6881926, '19', '2016-02-10', '', '176/85/100', 'ŻÓŁTY', 1),
(1280, 1460025739, 6881926, '4', '2016-02-10', '', '43', '', 1),
(1281, 1460025739, 6881926, '15', '2016-02-10', '', 'XL', 'ŻÓŁTY', 3),
(1282, 1460025739, 6881926, '16', '2016-02-10', '', 'XL', 'BORDOWY', 1),
(1283, 1460025751, 6892006, '12', '2016-02-10', '', '0', 'ŻÓŁTY', 1),
(1284, 1460025751, 6892006, '19', '2016-02-10', '', '190/96/105', 'ŻÓŁTY', 1),
(1285, 1460025751, 6892006, '4', '2016-02-10', '', '46', '', 1),
(1286, 1460025751, 6892006, '15', '2016-02-10', '', 'XXL', 'ŻÓŁTY', 3),
(1287, 1460025775, 6996062, '19', '2016-02-10', '', '182/98/110', 'ŻÓŁTY', 1),
(1288, 1460025775, 6996062, '4', '2016-02-10', '', '44', '', 1),
(1289, 1460025775, 6996062, '15', '2016-02-10', '', 'XXL', 'ŻÓŁTY', 3),
(1290, 1460025784, 6871735, '16', '2016-02-10', '', 'XL', 'BORDOWY', 1),
(1291, 1460025784, 6871735, '19', '2016-02-10', '', '176/95/100', 'ŻÓŁTY', 1),
(1292, 1460025784, 6871735, '4', '2016-02-10', '', '42', '', 1),
(1293, 1460025784, 6871735, '15', '2016-02-10', '', 'XL', 'ŻÓŁTY', 3),
(1294, 1460025805, 6996904, '12', '2016-02-10', '', '0', 'ŻÓŁTY', 1),
(1295, 1460025805, 6996904, '15', '2016-02-10', '', 'XL', 'GRANATOWY', 1),
(1296, 1460025805, 6996904, '19', '2016-02-10', '', '172/88/100', 'ŻÓŁTY', 1),
(1297, 1460025805, 6996904, '4', '2016-02-10', '', '43', '', 1),
(1298, 1460025805, 6996904, '15', '2016-02-10', '', 'XL', 'ŻÓŁTY', 3),
(1299, 1460025805, 6996904, '19', '2016-02-10', '', '172/88/100', 'GRANATOWY', 1),
(1300, 1460025813, 6996646, '4', '2016-02-10', '', '43', '', 1),
(1301, 1460025813, 6996646, '15', '2016-02-10', '', 'XXL', 'ŻÓŁTY', 3),
(1302, 1460025813, 6996646, '19', '2016-02-10', '', '182/95/100', 'ŻÓŁTY', 1),
(1303, 1460025824, 6891957, '15', '2016-02-10', '', 'XL', 'ŻÓŁTY', 3),
(1304, 1460025824, 6891957, '16', '2016-02-10', '', 'XL', 'BORDOWY', 1),
(1305, 1460025824, 6891957, '19', '2016-02-10', '', '178/80/95', 'ŻÓŁTY', 1),
(1306, 1460025824, 6891957, '4', '2016-02-10', '', '41', '', 1),
(1307, 1460025844, 6952250, '4', '2016-02-10', '', '37', '', 1),
(1308, 1460025844, 6952250, '13', '2016-02-10', '', '', 'ŻÓŁTY', 2),
(1309, 1460025844, 6952250, '15', '2016-02-10', '', 'M', 'ŻÓŁTY', 3),
(1310, 1460025862, 6881805, '19', '2016-02-10', '', '176/110/100', 'ŻÓŁTY', 1),
(1311, 1460025862, 6881805, '4', '2016-02-10', '', '43', '', 1),
(1312, 1460025862, 6881805, '15', '2016-02-10', '', 'XL', 'ŻÓŁTY', 3),
(1313, 1460025862, 6881805, '16', '2016-02-10', '', 'XL', 'BORDOWY', 1),
(1314, 1460025873, 6995846, '19', '2016-02-10', '', '172/85/100', 'ŻÓŁTY', 1),
(1315, 1460025873, 6995846, '4', '2016-02-10', '', '42', '', 1),
(1316, 1460025873, 6995846, '15', '2016-02-10', '', 'XL', 'ŻÓŁTY', 3),
(1317, 1460025887, 6950492, '13', '2016-02-10', '', '', 'BIAŁY', 2),
(1318, 1460025887, 6950492, '16', '2016-02-10', '', 'M', 'BORDOWY', 1),
(1319, 1460025887, 6950492, '6', '2016-02-10', '', '38', 'BIAŁY', 1),
(1320, 1460025887, 6950492, '15', '2016-02-10', '', 'M', 'BIAŁY', 3),
(1321, 1460025887, 6950492, '4', '2016-02-10', '', '38', '', 1),
(1322, 1460025923, 6996985, '19', '2016-02-10', '', '185/95/105', 'ŻÓŁTY', 1),
(1323, 1460025923, 6996985, '4', '2016-02-10', '', '45', '', 1),
(1324, 1460025923, 6996985, '15', '2016-02-10', '', 'XL', 'ŻÓŁTY', 3),
(1325, 1460025923, 6996985, '1', '2016-02-10', '', '45', 'BIAŁY', 1),
(1326, 1460025940, 6995824, '19', '2016-02-10', '', '182/86/90', 'ŻÓŁTY', 1),
(1327, 1460025940, 6995824, '4', '2016-02-10', '', '44', '', 1),
(1328, 1460025940, 6995824, '15', '2016-02-10', '', 'XL', 'ŻÓŁTY', 3),
(1329, 1460025955, 6995507, '19', '2016-02-10', '', '190/100/100', 'ŻÓŁTY', 1),
(1330, 1460025955, 6995507, '4', '2016-02-10', '', '45', '', 1),
(1331, 1460025955, 6995507, '15', '2016-02-10', '', 'XL', 'ŻÓŁTY', 3),
(1332, 1460025955, 6995507, '16', '2016-02-10', '', 'XL', 'BORDOWY', 1),
(1333, 1460025975, 6995686, '4', '2016-02-10', '', '43', '', 1),
(1334, 1460025975, 6995686, '15', '2016-02-10', '', 'XL', 'ŻÓŁTY', 3),
(1335, 1460025975, 6995686, '16', '2016-02-10', '', 'XL', 'BORDOWY', 1),
(1336, 1460025975, 6995686, '19', '2016-02-10', '', '185/100/115', 'ŻÓŁTY', 1),
(1337, 1460026003, 6996694, '19', '2016-02-10', '', '180/100/110', 'ŻÓŁTY', 1),
(1338, 1460026003, 6996694, '15', '2016-02-10', '', 'XL', 'ŻÓŁTY', 3),
(1339, 1460026013, 6996939, '19', '2016-02-10', '', '170/86/100', 'ŻÓŁTY', 1),
(1340, 1460026013, 6996939, '4', '2016-02-10', '', '42', '', 1),
(1341, 1460026013, 6996939, '15', '2016-02-10', '', 'XL', 'ŻÓŁTY', 3),
(1342, 1460026028, 6941318, '19', '2016-02-10', '', '170/85/100', 'GRANATOWY', 1),
(1343, 1460026028, 6941318, '15', '2016-02-10', '', 'XL', 'GRANATOWY', 1),
(1344, 1460026028, 6941318, '19', '2016-02-10', '', '170/85/100', 'ŻÓŁTY', 1),
(1345, 1460026028, 6941318, '4', '2016-02-10', '', '42', '', 1),
(1346, 1460026028, 6941318, '15', '2016-02-10', '', 'XL', 'ŻÓŁTY', 3),
(1347, 1460026038, 6996027, '19', '2016-02-10', '', '178/90/110', 'ŻÓŁTY', 1),
(1348, 1460026038, 6996027, '4', '2016-02-10', '', '43', '', 1),
(1349, 1460026038, 6996027, '15', '2016-02-10', '', 'XL', 'ŻÓŁTY', 3),
(1350, 1460026038, 6996027, '16', '2016-02-10', '', 'XL', 'BORDOWY', 1),
(1351, 1460026050, 6952341, '19', '2016-02-10', '', '176/100/110', 'ŻÓŁTY', 1),
(1352, 1460026050, 6952341, '15', '2016-02-10', '', 'XL', 'ŻÓŁTY', 3),
(1353, 1460026050, 6952341, '4', '2016-02-10', '', '43', '', 1),
(1354, 1460026050, 6952341, '19', '2016-02-10', '', '176/100/110', 'GRANATOWY', 1),
(1355, 1460026050, 6952341, '15', '2016-02-10', '', 'XL', 'GRANATOWY', 1),
(1356, 1460026062, 6891929, '13', '2016-02-10', '', '', 'ŻÓŁTY', 2),
(1357, 1460026062, 6891929, '16', '2016-02-10', '', 'XL', 'BORDOWY', 1),
(1358, 1460026062, 6891929, '15', '2016-02-10', '', 'XL', 'ŻÓŁTY', 3),
(1359, 1460026062, 6891929, '4', '2016-02-10', '', '43', '', 1),
(1360, 1460026071, 6952318, '6', '2016-02-10', '', '38', 'BIAŁY', 1),
(1361, 1460026071, 6952318, '15', '2016-02-10', '', 'XL', 'BIAŁY', 3),
(1362, 1460026071, 6952318, '4', '2016-02-10', '', '38', '', 1),
(1363, 1460026071, 6952318, '13', '2016-02-10', '', '', 'BIAŁY', 2),
(1364, 1460026071, 6952318, '16', '2016-02-10', '', 'XL', 'BORDOWY', 1),
(1365, 1460026089, 6996851, '19', '2016-02-10', '', '197/100/110', 'ŻÓŁTY', 1),
(1366, 1460026089, 6996851, '4', '2016-02-10', '', '45', '', 1),
(1367, 1460026089, 6996851, '15', '2016-02-10', '', 'XL', 'ŻÓŁTY', 3),
(1368, 1460026089, 6996851, '19', '2016-02-10', '', '197/100/110', 'GRANATOWY', 1),
(1369, 1460026089, 6996851, '15', '2016-02-10', '', 'XL', 'GRANATOWY', 1),
(1370, 1460026098, 6996858, '4', '2016-02-10', '', '40', '', 1),
(1371, 1460026098, 6996858, '15', '2016-02-10', '', 'M', 'ŻÓŁTY', 3),
(1372, 1460026098, 6996858, '16', '2016-02-10', '', 'M', 'BORDOWY', 1),
(1373, 1460026098, 6996858, '1', '2016-02-10', '', '40', 'BIAŁY', 1),
(1374, 1460026098, 6996858, '19', '2016-02-10', '', '172/80/80', 'ŻÓŁTY', 1),
(1375, 1460026112, 6996886, '4', '2016-02-10', '', '42', '', 1),
(1376, 1460026112, 6996886, '15', '2016-02-10', '', 'L', 'ŻÓŁTY', 3),
(1377, 1460026112, 6996886, '19', '2016-02-10', '', '175/90/100', 'GRANATOWY', 1),
(1378, 1460026112, 6996886, '15', '2016-02-10', '', 'L', 'GRANATOWY', 1),
(1379, 1460026112, 6996886, '19', '2016-02-10', '', '175/90/100', 'ŻÓŁTY', 1),
(1380, 1460026122, 6995685, '19', '2016-02-10', '', '188/90/90', 'ŻÓŁTY', 1),
(1381, 1460026122, 6995685, '4', '2016-02-10', '', '46', '', 1),
(1382, 1460026122, 6995685, '15', '2016-02-10', '', 'XXL', 'ŻÓŁTY', 3),
(1383, 1460026135, 6996884, '19', '2016-02-10', '', '186/86/100', 'ŻÓŁTY', 1),
(1384, 1460026135, 6996884, '4', '2016-02-10', '', '44', '', 1),
(1385, 1460026135, 6996884, '15', '2016-02-10', '', 'L', 'ŻÓŁTY', 3),
(1386, 1460026149, 6996928, '15', '2016-02-10', '', 'M', 'ŻÓŁTY', 3),
(1387, 1460026149, 6996928, '4', '2016-02-10', '', '39', '', 1),
(1388, 1460026149, 6996928, '13', '2016-02-10', '', '', 'ŻÓŁTY', 2),
(1392, 1460026218, 6995613, '16', '2016-02-10', '', 'S', 'BORDOWY', 1),
(1393, 1460026218, 6995613, '19', '2016-02-10', '', '164/70/90', 'ŻÓŁTY', 1),
(1394, 1460026218, 6995613, '4', '2016-02-10', '', '40', '', 1),
(1395, 1460026218, 6995613, '15', '2016-02-10', '', 'S', 'ŻÓŁTY', 3),
(1396, 1460026226, 6942267, '4', '2016-02-10', '', '41', '', 1),
(1397, 1460026226, 6942267, '15', '2016-02-10', '', 'XL', 'ŻÓŁTY', 3),
(1398, 1460026226, 6942267, '16', '2016-02-10', '', 'XL', 'BORDOWY', 1),
(1399, 1460026226, 6942267, '1', '2016-02-10', '', '41', 'BIAŁY', 1),
(1400, 1460026226, 6942267, '19', '2016-02-10', '', '175/85/100', 'ŻÓŁTY', 1),
(1401, 1460026242, 6996804, '19', '2016-02-10', '', '&Acirc;&nbs', 'ŻÓŁTY', 1),
(1402, 1460026242, 6996804, '4', '2016-02-10', '', '41', '', 1),
(1403, 1460026242, 6996804, '15', '2016-02-10', '', 'XL', 'ŻÓŁTY', 3),
(1404, 1460036243, 6996843, '8', '2016-02-10', '', '0', 'ŻÓŁTY', 2),
(1405, 1460036258, 6891980, '8', '2016-02-10', '', '0', 'ŻÓŁTY', 2),
(1406, 1460036272, 6996144, '8', '2016-02-10', '', '0', 'ŻÓŁTY', 2),
(1407, 1460036279, 6993425, '8', '2016-02-10', '', '0', 'ŻÓŁTY', 2),
(1408, 1460036289, 6993424, '8', '2016-02-10', '', '0', 'ŻÓŁTY', 2),
(1409, 1460036294, 6995835, '8', '2016-02-10', '', '0', 'ŻÓŁTY', 2),
(1410, 1460036301, 6996876, '8', '2016-02-10', '', '0', 'ŻÓŁTY', 2),
(1411, 1460036309, 6942218, '8', '2016-02-10', '', '0', 'ŻÓŁTY', 2),
(1412, 1460036319, 6996297, '8', '2016-02-10', '', '0', 'ŻÓŁTY', 2),
(1413, 1460036331, 6962431, '8', '2016-02-10', '', '0', 'ŻÓŁTY', 2),
(1414, 1460036358, 6995808, '8', '2016-02-10', '', '0', 'ŻÓŁTY', 2),
(1415, 1460036368, 6996779, '8', '2016-02-10', '', '0', 'GRANATOWY', 2),
(1416, 1460036368, 6996779, '8', '2016-02-10', '', '0', 'ŻÓŁTY', 2),
(1417, 1460036405, 6995656, '8', '2016-02-10', '', '0', 'ŻÓŁTY', 2),
(1418, 1460036416, 6995855, '8', '2016-02-10', '', '0', 'ŻÓŁTY', 2),
(1419, 1460036437, 6996367, '8', '2016-02-10', '', '0', 'ŻÓŁTY', 2),
(1420, 1460036462, 6952316, '8', '2016-02-10', '', '0', 'ŻÓŁTY', 2),
(1421, 1460036470, 6771110, '8', '2016-02-10', '', '0', 'BIAŁY', 2),
(1422, 1460036480, 6993462, '8', '2016-02-10', '', '0', 'ŻÓŁTY', 2),
(1423, 1460036490, 6996885, '8', '2016-02-10', '', '0', 'ŻÓŁTY', 2),
(1424, 1460036506, 6941594, '8', '2016-02-10', '', '0', 'ŻÓŁTY', 2),
(1425, 1460036523, 6962451, '8', '2016-02-10', '', '0', 'BIAŁY', 2),
(1426, 1460036546, 6996941, '8', '2016-02-10', '', '0', 'ŻÓŁTY', 2),
(1427, 1460036561, 6996640, '8', '2016-02-10', '', '0', 'ŻÓŁTY', 2),
(1428, 1460036561, 6996640, '16', '2016-02-10', '', 'XL', 'BORDOWY', 1),
(1429, 1460036572, 6996813, '8', '2016-02-10', '', '0', 'GRANATOWY', 2),
(1430, 1460036572, 6996813, '8', '2016-02-10', '', '0', 'ŻÓŁTY', 2),
(1431, 1460036580, 6861700, '8', '2016-02-10', '', '0', 'BIAŁY', 2),
(1432, 1460036589, 6993486, '8', '2016-02-10', '', '0', 'BIAŁY', 2),
(1433, 1460036601, 6995716, '8', '2016-02-10', '', '0', 'ŻÓŁTY', 2),
(1434, 1460036605, 6995882, '8', '2016-02-10', '', '0', 'ŻÓŁTY', 2),
(1435, 1460036611, 6871747, '8', '2016-02-10', '', '0', 'ŻÓŁTY', 2),
(1436, 1460036620, 6942258, '8', '2016-02-10', '', '0', 'ŻÓŁTY', 2),
(1437, 1460036620, 6942258, '8', '2016-02-10', '', '0', 'GRANATOWY', 2),
(1438, 1460036626, 6962398, '8', '2016-02-10', '', '0', 'ŻÓŁTY', 2),
(1439, 1460036636, 6996730, '8', '2016-02-10', '', '0', 'GRANATOWY', 2),
(1440, 1460036636, 6996730, '8', '2016-02-10', '', '0', 'ŻÓŁTY', 2),
(1441, 1460036642, 6771161, '8', '2016-02-10', '', '0', 'ŻÓŁTY', 2),
(1442, 1460036653, 6922090, '8', '2016-02-10', '', '0', 'ŻÓŁTY', 2),
(1444, 1460036688, 6996052, '8', '2016-02-10', '', '0', 'BIAŁY', 2),
(1445, 1460036688, 6996052, '8', '2016-02-10', '', '0', 'ŻÓŁTY', 2),
(1446, 1460036719, 6996093, '8', '2016-02-10', '', '0', 'ŻÓŁTY', 2),
(1447, 1460036730, 6841611, '8', '2016-02-10', '', '0', 'ŻÓŁTY', 2),
(1448, 1460036740, 6892009, '8', '2016-02-10', '', '0', 'ŻÓŁTY', 2),
(1449, 1460036745, 6942251, '8', '2016-02-10', '', '0', 'ŻÓŁTY', 2),
(1450, 1460036750, 6942273, '8', '2016-02-10', '', '0', 'ŻÓŁTY', 2),
(1451, 1460036757, 6996980, '8', '2016-02-10', '', '0', 'ŻÓŁTY', 2),
(1452, 1460036774, 6972487, '8', '2016-02-10', '', '0', 'BIAŁY', 2),
(1453, 1460036778, 6952436, '8', '2016-02-10', '', '0', 'ŻÓŁTY', 2),
(1454, 1460036790, 6995683, '8', '2016-02-10', '', '0', 'ŻÓŁTY', 2),
(1455, 1460036799, 6996321, '8', '2016-02-10', '', '0', 'ŻÓŁTY', 2),
(1456, 1460036810, 6995727, '8', '2016-02-10', '', '0', 'ŻÓŁTY', 2),
(1457, 1460036816, 6996777, '8', '2016-02-10', '', '0', 'ŻÓŁTY', 2),
(1458, 1460036823, 6996801, '8', '2016-02-10', '', '0', 'ŻÓŁTY', 2),
(1459, 1460036872, 6952413, '8', '2016-02-10', '', '0', 'ŻÓŁTY', 2),
(1460, 1460036884, 6942226, '8', '2016-02-10', '', '0', 'BIAŁY', 2),
(1461, 1460037073, 6791291, '8', '2016-02-10', '', '0', 'BIAŁY', 2),
(1462, 1460037113, 6942309, '8', '2016-02-10', '', '0', 'ŻÓŁTY', 2),
(1463, 1460037119, 6995452, '8', '2016-02-10', '', '0', 'ŻÓŁTY', 2),
(1464, 1460037124, 6995807, '8', '2016-02-10', '', '0', 'ŻÓŁTY', 2),
(1465, 1460037128, 6995479, '8', '2016-02-10', '', '0', 'ŻÓŁTY', 2),
(1466, 1460037133, 6997031, '8', '2016-02-10', '', '0', 'ŻÓŁTY', 2),
(1467, 1460037136, 6781204, '8', '2016-02-10', '', '0', 'ŻÓŁTY', 2),
(1468, 1460037155, 6996134, '8', '2016-02-10', '', '0', 'ŻÓŁTY', 2),
(1469, 1460037158, 6996821, '8', '2016-02-10', '', '0', 'ŻÓŁTY', 2),
(1470, 1460037162, 6962433, '8', '2016-02-10', '', '0', 'ŻÓŁTY', 2),
(1471, 1460037166, 6995684, '8', '2016-02-10', '', '0', 'ŻÓŁTY', 2),
(1472, 1460037197, 6952348, '8', '2016-02-10', '', '0', 'ŻÓŁTY', 2),
(1473, 1460037202, 6996992, '8', '2016-02-10', '', '0', 'ŻÓŁTY', 2),
(1474, 1460037230, 6982602, '8', '2016-02-10', '', '0', 'ŻÓŁTY', 2),
(1475, 1460037243, 6996264, '8', '2016-02-10', '', '0', 'ŻÓŁTY', 2),
(1476, 1460037248, 6831589, '8', '2016-02-10', '', '0', 'ŻÓŁTY', 2),
(1477, 1460037252, 6972554, '8', '2016-02-10', '', '0', 'ŻÓŁTY', 2),
(1478, 1460037267, 6996698, '8', '2016-02-10', '', '0', 'ŻÓŁTY', 2),
(1479, 1460037279, 6891967, '8', '2016-02-10', '', '0', 'GRANATOWY', 2),
(1480, 1460037279, 6891967, '8', '2016-02-10', '', '0', 'ŻÓŁTY', 2),
(1481, 1460037293, 6996336, '8', '2016-02-10', '', '0', 'ŻÓŁTY', 2),
(1482, 1460037300, 6942223, '8', '2016-02-10', '', '0', 'ŻÓŁTY', 2),
(1483, 1460037300, 6942223, '8', '2016-02-10', '', '0', 'GRANATOWY', 2),
(1484, 1460037320, 6880404, '8', '2016-02-10', '', '0', 'BIAŁY', 2),
(1485, 1460037324, 6962426, '8', '2016-02-10', '', '0', 'BIAŁY', 2),
(1486, 1460037334, 6995853, '8', '2016-02-10', '', '0', 'ŻÓŁTY', 2),
(1487, 1460037339, 6996780, '8', '2016-02-10', '', '0', 'ŻÓŁTY', 2),
(1488, 1460037341, 6962468, '8', '2016-02-10', '', '0', 'ŻÓŁTY', 2),
(1489, 1460037402, 6891965, '8', '2016-02-10', '', '0', 'ŻÓŁTY', 2),
(1490, 1460037425, 6996044, '8', '2016-02-10', '', '0', 'ŻÓŁTY', 2),
(1491, 1460037430, 6996094, '8', '2016-02-10', '', '0', 'ŻÓŁTY', 2),
(1492, 1460037452, 6997033, '8', '2016-02-10', '', '0', 'ŻÓŁTY', 2),
(1493, 1460037461, 6992644, '8', '2016-02-10', '', '0', 'BIAŁY', 2),
(1494, 1460037474, 6821541, '8', '2016-02-10', '', '0', 'GRANATOWY', 2),
(1495, 1460037474, 6821541, '8', '2016-02-10', '', '0', 'ŻÓŁTY', 2),
(1496, 1460037494, 6781187, '8', '2016-02-10', '', '0', 'BIAŁY', 2),
(1497, 1460037497, 6801373, '8', '2016-02-10', '', '0', 'GRANATOWY', 2),
(1498, 1460037497, 6801373, '8', '2016-02-10', '', '0', 'ŻÓŁTY', 2),
(1499, 1460037508, 6996253, '8', '2016-02-10', '', '0', 'GRANATOWY', 2),
(1500, 1460037508, 6996253, '8', '2016-02-10', '', '0', 'ŻÓŁTY', 2),
(1501, 1460037514, 6995714, '8', '2016-02-10', '', '0', 'ŻÓŁTY', 2),
(1502, 1460037529, 6996853, '8', '2016-02-10', '', '0', 'ŻÓŁTY', 2),
(1503, 1460037534, 4, '8', '2016-02-10', '', '0', 'BIAŁY', 2),
(1504, 1460037547, 6995732, '8', '2016-02-10', '', '0', 'GRANATOWY', 2),
(1505, 1460037547, 6995732, '8', '2016-02-10', '', '0', 'ŻÓŁTY', 2),
(1506, 1460037551, 6771167, '8', '2016-02-10', '', '0', 'ŻÓŁTY', 2),
(1507, 1460037557, 6881926, '8', '2016-02-10', '', '0', 'ŻÓŁTY', 2),
(1508, 1460107585, 6892006, '8', '2016-02-10', '', '0', 'ŻÓŁTY', 2),
(1509, 1460107597, 6996062, '8', '2016-02-10', '', '0', 'ŻÓŁTY', 2),
(1510, 1460107604, 6871735, '8', '2016-02-10', '', '0', 'ŻÓŁTY', 2),
(1511, 1460107622, 6996904, '8', '2016-02-10', '', '0', 'GRANATOWY', 2),
(1512, 1460107622, 6996904, '8', '2016-02-10', '', '0', 'ŻÓŁTY', 2),
(1513, 1460107641, 6996646, '8', '2016-02-10', '', '0', 'ŻÓŁTY', 2),
(1514, 1460107648, 6891957, '8', '2016-02-10', '', '0', 'ŻÓŁTY', 2),
(1515, 1460107657, 6952250, '8', '2016-02-10', '', '0', 'ŻÓŁTY', 2),
(1516, 1460107669, 6995846, '8', '2016-02-10', '', '0', 'ŻÓŁTY', 2),
(1517, 1460107679, 6950492, '8', '2016-02-10', '', '0', 'BIAŁY', 2),
(1518, 1460107684, 6996985, '8', '2016-02-10', '', '0', 'ŻÓŁTY', 2),
(1519, 1460107765, 6995824, '8', '2016-02-10', '', '0', 'ŻÓŁTY', 2),
(1520, 1460107777, 6995507, '8', '2016-02-10', '', '0', 'ŻÓŁTY', 2),
(1521, 1460107791, 6995686, '8', '2016-02-10', '', '0', 'ŻÓŁTY', 2),
(1522, 1460107807, 6996694, '8', '2016-02-10', '', '0', 'ŻÓŁTY', 2),
(1523, 1460107815, 6941318, '8', '2016-02-10', '', '0', 'ŻÓŁTY', 2),
(1524, 1460107815, 6941318, '8', '2016-02-10', '', '0', 'GRANATOWY', 2),
(1525, 1460107819, 6996027, '8', '2016-02-10', '', '0', 'ŻÓŁTY', 2),
(1526, 1460107831, 6952341, '8', '2016-02-10', '', '0', 'GRANATOWY', 2),
(1527, 1460107831, 6952341, '8', '2016-02-10', '', '0', 'ŻÓŁTY', 2),
(1528, 1460107848, 6891929, '8', '2016-02-10', '', '0', 'ŻÓŁTY', 2),
(1529, 1460107854, 6952318, '8', '2016-02-10', '', '0', 'BIAŁY', 2),
(1530, 1460107878, 6996851, '8', '2016-02-10', '', '0', 'GRANATOWY', 2),
(1531, 1460107878, 6996851, '8', '2016-02-10', '', '0', 'ŻÓŁTY', 2),
(1532, 1460107950, 6996858, '8', '2016-02-10', '', '0', 'ŻÓŁTY', 2),
(1533, 1460107967, 6996886, '8', '2016-02-10', '', '0', 'ŻÓŁTY', 2),
(1534, 1460107967, 6996886, '8', '2016-02-10', '', '0', 'GRANATOWY', 2),
(1535, 1460107980, 6995685, '8', '2016-02-10', '', '0', 'ŻÓŁTY', 2),
(1536, 1460107994, 6996884, '8', '2016-02-10', '', '0', 'ŻÓŁTY', 2),
(1537, 1460107998, 6996928, '8', '2016-02-10', '', '0', 'ŻÓŁTY', 2),
(1538, 1460108011, 6995613, '8', '2016-02-10', '', '0', 'ŻÓŁTY', 2),
(1539, 1460108017, 6942267, '8', '2016-02-10', '', '0', 'ŻÓŁTY', 2),
(1540, 1460108027, 6996804, '8', '2016-02-10', '', '0', 'ŻÓŁTY', 2),
(1541, 1460108140, 6881805, '8', '2016-02-10', '', '0', 'ŻÓŁTY', 2),
(1542, 1460111363, 6996759, '8', '2016-02-10', '', '0', 'ŻÓŁTY', 2),
(1543, 1460111374, 6821521, '8', '2016-02-10', '', '0', 'ŻÓŁTY', 2),
(1544, 1460111378, 6997035, '8', '2016-02-10', '', '0', 'ŻÓŁTY', 2),
(1545, 1460124794, 6952366, '8', '2016-02-10', '', '0', 'BIAŁY', 2),
(1546, 1460124794, 6952366, '13', '2016-02-10', '', '', 'BIAŁY', 2),
(1547, 1460124794, 6952366, '16', '2016-02-10', '', 'XXL', 'BORDOWY', 1),
(1548, 1460124794, 6952366, '2', '2016-02-10', '', '47', 'CZARNY', 1),
(1549, 1460124794, 6952366, '15', '2016-02-10', '', 'XXL', 'BIAŁY', 3),
(1756, 1489084987, 6997157, '15', '2017-03-09', '', 'M', 'ŻÓŁTY', 1);

-- --------------------------------------------------------

--
-- Struktura tabeli dla tabeli `ubrania`
--

CREATE TABLE `ubrania` (
  `id` int(10) UNSIGNED NOT NULL,
  `opis` varchar(40) COLLATE utf8_polish_ci NOT NULL,
  `typ_0` tinyint(3) UNSIGNED NOT NULL
) ENGINE=InnoDB DEFAULT CHARSET=utf8 COLLATE=utf8_polish_ci;

--
-- Zrzut danych tabeli `ubrania`
--

INSERT INTO `ubrania` (`id`, `opis`, `typ_0`) VALUES
(1, 'Buty gumowe', 3),
(2, 'Buty ocieplone', 3),
(3, 'Buty profilaktyczne', 3),
(4, 'Buty trzewiki ', 3),
(5, 'Buty gumofilce', 3),
(6, 'Buty klapki', 3),
(7, 'Czapka ocieplona', 4),
(8, 'Czapka z daszkiem', 4),
(9, 'Kurtka ocieplona', 1),
(10, 'Kurtka p-deszczowa', 1),
(11, 'Kurtka zimowa', 1),
(12, 'Kask ochronny', 4),
(13, 'Fartuch', 0),
(14, 'Koszula flanelowa', 1),
(15, 'Podkoszulek', 1),
(16, 'Polar', 1),
(17, 'Rękawice ocieplone', 4),
(18, 'Ubranie ocieplone', 2),
(19, 'Ubranie robocze ', 2);

-- --------------------------------------------------------

--
-- Struktura tabeli dla tabeli `user`
--

CREATE TABLE `user` (
  `id` tinyint(3) UNSIGNED NOT NULL,
  `imie` varchar(15) COLLATE utf8_polish_ci NOT NULL,
  `nazwisko` varchar(15) COLLATE utf8_polish_ci NOT NULL
) ENGINE=InnoDB DEFAULT CHARSET=utf8 COLLATE=utf8_polish_ci;

--
-- Zrzut danych tabeli `user`
--

INSERT INTO `user` (`id`, `imie`, `nazwisko`) VALUES
(1, 'Adrian', 'Doe100'),
(2, 'Qaz', 'Qwerty'),
(3, 'Józef', 'Doe101'),
(5, 'Józef', 'Doe102'),
(6, 'Wojciech', 'Doe103');

-- --------------------------------------------------------

--
-- Struktura tabeli dla tabeli `zestawy`
--

CREATE TABLE `zestawy` (
  `id` varchar(4) COLLATE utf8_polish_ci NOT NULL,
  `nazwa` varchar(20) COLLATE utf8_polish_ci NOT NULL
) ENGINE=InnoDB DEFAULT CHARSET=utf8 COLLATE=utf8_polish_ci;

--
-- Zrzut danych tabeli `zestawy`
--

INSERT INTO `zestawy` (`id`, `nazwa`) VALUES
('P100', 'zestaw p1 grupa 0'),
('P101', 'zestaw p1 grupa 1'),
('P102', 'zestaw p1 grupa 2'),
('P103', 'zestaw p1 grupa 3'),
('P104', 'zestaw p1 grupa 4'),
('P105', 'zestaw p1 grupa 5'),
('P106', 'zestaw p1 grupa 6'),
('P107', 'zestaw p1 grupa 7'),
('P108', 'zestaw p1 grupa 8'),
('P109', 'zestaw p1 grupa 9'),
('P110', 'zestaw p1 grupa 10'),
('P111', 'zestaw p1 grupa 9'),
('P3', 'Specjalita technolog'),
('P4', 'Dozor'),
('P5', 'Laborant'),
('P6', 'Kadra kierownicza');

-- --------------------------------------------------------

--
-- Struktura tabeli dla tabeli `zst_ubr`
--

CREATE TABLE `zst_ubr` (
  `NUM_KOL` int(10) UNSIGNED NOT NULL,
  `id_zst` varchar(4) COLLATE utf8_polish_ci NOT NULL,
  `id_ubr` varchar(4) COLLATE utf8_polish_ci NOT NULL,
  `ilosc` tinyint(3) UNSIGNED NOT NULL,
  `okres` tinyint(3) UNSIGNED NOT NULL,
  `cecha` varchar(20) COLLATE utf8_polish_ci DEFAULT NULL
) ENGINE=InnoDB DEFAULT CHARSET=utf8 COLLATE=utf8_polish_ci;

--
-- Zrzut danych tabeli `zst_ubr`
--

INSERT INTO `zst_ubr` (`NUM_KOL`, `id_zst`, `id_ubr`, `ilosc`, `okres`, `cecha`) VALUES
(2, 'P100', '13', 1, 12, 'ŻÓŁTY'),
(3, 'P100', '15', 2, 12, 'BIAŁY'),
(4, 'P100', '15', 3, 12, 'ŻÓŁTY'),
(5, 'P100', '16', 1, 36, 'BORDOWY'),
(6, 'P100', '4', 1, 12, ''),
(7, 'P100', '8', 2, 12, 'BIAŁY'),
(8, 'P100', '8', 2, 12, 'ŻÓŁTY'),
(9, 'P101', '13', 2, 12, 'ŻÓŁTY'),
(10, 'P101', '15', 3, 12, 'ŻÓŁTY'),
(11, 'P101', '16', 1, 36, 'BORDOWY'),
(12, 'P101', '4', 1, 12, ''),
(13, 'P101', '8', 2, 12, 'ŻÓŁTY'),
(14, 'P102', '15', 3, 12, 'ŻÓŁTY'),
(15, 'P102', '15', 1, 12, 'GRANATOWY'),
(16, 'P102', '19', 1, 12, 'GRANATOWY'),
(17, 'P102', '19', 1, 12, 'ŻÓŁTY'),
(18, 'P102', '16', 1, 36, 'BORDOWY'),
(19, 'P102', '4', 1, 12, ''),
(20, 'P102', '12', 1, 36, 'ŻÓŁTY'),
(21, 'P102', '8', 2, 12, 'ŻÓŁTY'),
(22, 'P102', '8', 2, 12, 'GRANATOWY'),
(23, 'P103', '15', 3, 12, 'ŻÓŁTY'),
(24, 'P103', '15', 1, 12, 'GRANATOWY'),
(25, 'P103', '19', 1, 12, 'GRANATOWY'),
(26, 'P103', '19', 1, 12, 'ŻÓŁTY'),
(27, 'P103', '16', 1, 36, 'BORDOWY'),
(28, 'P103', '4', 1, 12, ''),
(29, 'P103', '8', 2, 12, 'ŻÓŁTY'),
(30, 'P103', '8', 2, 12, 'GRANATOWY'),
(31, 'P104', '15', 3, 12, 'ŻÓŁTY'),
(32, 'P104', '19', 1, 12, 'ŻÓŁTY'),
(33, 'P104', '16', 1, 36, 'BORDOWY'),
(34, 'P104', '4', 1, 12, ''),
(35, 'P104', '1', 1, 12, 'BIAŁY'),
(36, 'P104', '12', 1, 36, 'ŻÓŁTY'),
(37, 'P104', '8', 2, 12, 'ŻÓŁTY'),
(38, 'P105', '15', 3, 12, 'ŻÓŁTY'),
(39, 'P105', '19', 1, 12, 'ŻÓŁTY'),
(40, 'P105', '16', 1, 36, 'BORDOWY'),
(41, 'P105', '4', 1, 12, ''),
(42, 'P105', '1', 1, 12, 'BIAŁY'),
(43, 'P105', '8', 2, 12, 'ŻÓŁTY'),
(44, 'P106', '15', 3, 12, 'ŻÓŁTY'),
(45, 'P106', '19', 1, 12, 'ŻÓŁTY'),
(46, 'P106', '16', 1, 36, 'BORDOWY'),
(47, 'P106', '4', 1, 12, ''),
(48, 'P106', '12', 1, 36, 'ŻÓŁTY'),
(49, 'P106', '8', 2, 12, 'ŻÓŁTY'),
(50, 'P107', '15', 3, 12, 'ŻÓŁTY'),
(51, 'P107', '19', 1, 12, 'ŻÓŁTY'),
(52, 'P107', '16', 1, 36, 'BORDOWY'),
(53, 'P107', '4', 1, 12, ''),
(54, 'P107', '8', 2, 12, 'ŻÓŁTY'),
(55, 'P108', '13', 2, 12, 'BIAŁY'),
(56, 'P108', '15', 3, 12, 'BIAŁY'),
(57, 'P108', '16', 1, 36, 'BORDOWY'),
(58, 'P108', '4', 1, 12, ''),
(59, 'P108', '6', 1, 12, 'BIAŁY'),
(60, 'P108', '8', 2, 12, 'BIAŁY'),
(61, 'P4', '13', 2, 12, 'BIAŁY'),
(62, 'P4', '15', 3, 12, 'BIAŁY'),
(63, 'P4', '16', 1, 36, 'BORDOWY'),
(64, 'P4', '4', 1, 12, ''),
(65, 'P4', '2', 1, 12, 'CZARNY'),
(66, 'P4', '8', 1, 12, 'BIAŁY'),
(136, 'P100', '13', 2, 12, 'BIAŁY'),
(137, 'P103', '12', 1, 36, 'ŻÓŁTY'),
(139, 'P103', '1', 1, 6, 'BIAŁY'),
(140, 'P109', '13', 2, 12, 'ŻÓŁTY'),
(141, 'P109', '15', 3, 12, 'ŻÓŁTY'),
(142, 'P109', '16', 1, 36, 'BORDOWY'),
(143, 'P109', '4', 1, 12, ''),
(144, 'P109', '8', 2, 12, 'ŻÓŁTY'),
(145, 'P109', '12', 1, 36, 'ŻÓŁTY'),
(146, 'P110', '13', 2, 12, 'ŻÓŁTY'),
(147, 'P110', '15', 3, 12, 'ŻÓŁTY'),
(148, 'P110', '16', 1, 36, 'BORDOWY'),
(149, 'P110', '4', 1, 12, ''),
(150, 'P110', '8', 2, 12, 'ŻÓŁTY'),
(151, 'P110', '1', 1, 24, 'BIAŁY'),
(152, 'P111', '15', 3, 12, 'BIAŁY'),
(153, 'P111', '15', 1, 12, 'GRANATOWY'),
(154, 'P111', '19', 2, 12, 'ŻÓŁTY'),
(155, 'P111', '19', 1, 12, 'GRANATOWY'),
(156, 'P111', '16', 1, 36, 'GRANATOWY'),
(157, 'P111', '4', 1, 12, 'BIAŁY'),
(158, 'P111', '8', 2, 12, 'BIAŁY'),
(159, 'P111', '8', 1, 12, 'GRANATOWY'),
(160, 'P111', '12', 1, 36, 'ŻÓŁTY');

--
-- Indeksy dla zrzutów tabel
--

--
-- Indexes for table `login`
--
ALTER TABLE `login`
  ADD UNIQUE KEY `login` (`login`),
  ADD UNIQUE KEY `pass` (`pass`);

--
-- Indexes for table `ludzie`
--
ALTER TABLE `ludzie`
  ADD PRIMARY KEY (`id`);

--
-- Indexes for table `ludz_zes`
--
ALTER TABLE `ludz_zes`
  ADD PRIMARY KEY (`id`);

--
-- Indexes for table `ruch`
--
ALTER TABLE `ruch`
  ADD PRIMARY KEY (`numKol`);

--
-- Indexes for table `ubrania`
--
ALTER TABLE `ubrania`
  ADD PRIMARY KEY (`id`);

--
-- Indexes for table `user`
--
ALTER TABLE `user`
  ADD PRIMARY KEY (`id`);

--
-- Indexes for table `zestawy`
--
ALTER TABLE `zestawy`
  ADD PRIMARY KEY (`id`);

--
-- Indexes for table `zst_ubr`
--
ALTER TABLE `zst_ubr`
  ADD PRIMARY KEY (`NUM_KOL`),
  ADD KEY `NUM_KOL` (`NUM_KOL`);

--
-- AUTO_INCREMENT for dumped tables
--

--
-- AUTO_INCREMENT dla tabeli `ludzie`
--
ALTER TABLE `ludzie`
  MODIFY `id` bigint(20) UNSIGNED NOT NULL AUTO_INCREMENT, AUTO_INCREMENT=6997198;
--
-- AUTO_INCREMENT dla tabeli `ludz_zes`
--
ALTER TABLE `ludz_zes`
  MODIFY `id` int(10) UNSIGNED NOT NULL AUTO_INCREMENT, AUTO_INCREMENT=305;
--
-- AUTO_INCREMENT dla tabeli `ruch`
--
ALTER TABLE `ruch`
  MODIFY `numKol` int(10) UNSIGNED NOT NULL AUTO_INCREMENT, AUTO_INCREMENT=1757;
--
-- AUTO_INCREMENT dla tabeli `ubrania`
--
ALTER TABLE `ubrania`
  MODIFY `id` int(10) UNSIGNED NOT NULL AUTO_INCREMENT, AUTO_INCREMENT=20;
--
-- AUTO_INCREMENT dla tabeli `user`
--
ALTER TABLE `user`
  MODIFY `id` tinyint(3) UNSIGNED NOT NULL AUTO_INCREMENT, AUTO_INCREMENT=7;
--
-- AUTO_INCREMENT dla tabeli `zst_ubr`
--
ALTER TABLE `zst_ubr`
  MODIFY `NUM_KOL` int(10) UNSIGNED NOT NULL AUTO_INCREMENT, AUTO_INCREMENT=161;
/*!40101 SET CHARACTER_SET_CLIENT=@OLD_CHARACTER_SET_CLIENT */;
/*!40101 SET CHARACTER_SET_RESULTS=@OLD_CHARACTER_SET_RESULTS */;
/*!40101 SET COLLATION_CONNECTION=@OLD_COLLATION_CONNECTION */;
